8,4,2,6,25,13,11,9,26,30,28,19,6,23,24,29,22,4,24,26,9,29,0,1,11,6,15,15,1,18,16,25,23,25,27,10,10,15,24,3,14,8,19,0,12,10,17,16,20,2,4,9,15,28,12,7,9,14,8,15,19,24,23,6,2,14,13,9,29,4,3,5,27,27,9,23,0,3,8,11,5,20,12,15,10,17,4,14,1,2,16,3,0,19,4,13,31,16,23,21,20,25,3,2,31,21,16,6,19,28,26,8,13,10,24,9,25,8,5,23,28,20,24,6,8,21,11,16
10,0,9,28,5,30,26,17,4,6,2,6,28,7,16,29,0,14,15,22,9,11,5,17,10,15,14,9,26,29,27,18,0,1,8,7,21,24,31,6,20,12,22,20,7,1,3,7,1,25,21,29,25,25,28,1,6,19,15,31,20,10,7,23,20,28,7,9,22,8,15,0,20,25,20,12,6,24,20,6,16,15,14,14,16,4,13,14,4,1,19,13,3,26,6,31,11,2,30,21,30,13,3,29,22,14,30,25,4,6,13,13,8,23,2,25,21,11,30,4,16,12,17,16,6,9,16,29
22,19,16,1,17,28,11,27,18,17,28,20,23,1,20,7,20,4,13,0,29,17,26,3,30,5,16,19,8,14,9,8,16,30,15,11,30,11,8,3,27,20,2,6,26,14,13,26,4,19,6,26,23,6,30,16,4,7,3,4,19,1,7,12,6,27,14,11,18,25,5,12,31,10,24,22,13,31,27,30,20,10,13,11,4,20,9,18,30,6,11,14,16,22,26,8,25,17,1,14,8,6,26,9,18,31,1,12,0,2,9,7,16,16,3,12,6,29,1,13,22,18,21,7,30,17,3,24
21,13,20,14,10,5,18,26,25,7,23,25,13,6,26,23,10,18,23,10,27,18,15,26,30,16,18,18,16,20,11,28,11,23,23,0,26,13,7,18,9,27,7,19,15,7,8,3,27,12,4,2,30,9,25,10,7,6,17,20,0,1,11,14,4,0,23,23,22,17,22,21,22,25,31,21,0,1,6,15,0,4,10,30,5,7,10,5,7,7,2,30,22,23,2,19,22,6,1,23,18,11,30,14,6,17,12,2,27,18,8,4,16,30,30,11,13,16,21,10,18,9,3,27,7,26,31,13
19,25,20,8,11,22,21,19,18,8,7,26,14,18,21,5,12,8,21,23,13,17,0,0,10,12,6,21,17,26,7,18,0,20,9,16,25,31,30,18,5,23,10,15,22,16,10,30,30,15,22,11,15,18,11,15,27,8,24,6,5,15,31,14,27,14,6,14,3,22,24,31,1,31,13,1,6,13,24,3,20,20,2,30,13,0,29,14,1,2,6,2,19,31,27,11,18,22,16,23,9,29,2,22,31,12,21,24,3,9,8,13,14,28,25,10,2,14,22,20,17,20,1,14,31,0,26,23
12,11,14,14,30,26,10,17,0,4,6,25,24,13,23,23,6,7,28,26,20,14,0,16,2,19,19,11,12,14,24,17,20,26,28,16,29,21,4,6,9,27,17,0,19,28,16,7,12,16,12,6,8,3,6,17,11,28,15,7,8,19,19,16,31,7,24,14,9,1,1,28,15,21,7,31,9,13,21,10,17,27,18,12,5,1,24,8,8,15,1,11,9,15,4,23,9,15,9,6,12,16,17,19,28,22,22,10,0,12,22,18,6,12,22,8,23,0,1,17,6,9,2,1,4,13,0,30
9,30,2,17,12,14,15,22,0,12,6,25,9,11,21,28,8,0,22,23,21,6,14,29,27,22,31,30,15,16,1,9,16,26,12,19,19,20,17,24,5,10,11,5,7,18,16,12,19,14,7,6,20,23,29,9,8,22,21,20,2,17,20,26,18,14,19,31,5,22,13,28,27,21,5,14,1,22,5,10,29,26,19,2,7,12,4,25,13,3,13,5,0,14,18,28,7,7,30,21,22,13,23,20,5,25,26,7,7,18,7,10,19,8,14,15,18,18,23,20,16,0,0,6,6,29,30,7
2,12,26,20,15,17,26,23,6,30,13,7,30,16,19,0,16,0,14,30,23,6,12,30,1,21,5,13,27,15,15,12,10,4,23,14,29,10,18,14,25,13,21,24,14,24,30,17,13,1,26,7,31,26,6,3,13,11,7,11,26,19,22,12,17,6,16,19,3,13,28,22,15,30,10,0,29,31,12,19,29,30,7,10,19,3,20,25,21,16,0,24,24,24,25,23,21,20,6,31,29,22,8,15,26,10,22,14,19,17,15,12,1,0,21,9,28,15,10,29,22,27,26,15,29,13,17,11
16,30,31,1,19,18,28,10,14,17,31,29,9,12,10,4,20,26,8,11,5,10,9,8,3,21,3,24,1,12,0,21,30,25,4,2,5,30,30,19,7,24,22,7,27,21,17,19,27,6,0,22,15,30,26,24,23,11,25,1,5,5,17,7,21,29,2,3,27,30,2,16,18,7,1,4,19,22,21,2,28,29,23,16,6,20,8,5,0,31,20,17,21,23,16,9,18,5,31,2,30,6,26,6,23,28,29,12,28,22,29,12,12,22,13,14,26,29,29,7,8,26,25,9,28,9,29,3
22,6,10,22,30,17,17,16,11,2,31,4,31,16,26,23,23,29,20,12,23,14,18,7,19,3,28,3,22,24,19,22,24,20,28,14,24,20,28,21,12,11,21,23,31,31,21,25,29,3,2,17,4,4,14,25,4,14,9,14,6,8,31,18,29,14,9,5,23,4,4,23,5,6,25,18,14,22,10,23,11,14,16,8,5,29,27,20,0,9,6,9,19,24,11,12,30,3,5,3,1,6,11,30,26,20,15,9,24,6,13,10,5,5,17,6,13,6,30,10,29,0,20,20,3,12,10,25
1,10,18,0,24,28,28,24,22,3,8,2,23,4,17,29,11,8,2,2,2,15,15,28,9,26,3,8,4,25,17,31,14,4,1,8,28,0,31,2,5,15,16,27,20,6,22,30,12,16,10,23,24,10,1,15,0,22,4,5,3,22,29,24,14,15,29,23,17,11,21,15,2,5,7,30,24,28,29,19,23,19,31,30,21,13,28,16,17,13,18,26,19,31,25,23,26,28,21,15,18,21,31,28,2,9,23,29,21,29,23,5,4,17,11,5,5,19,29,17,27,20,4,14,5,12,26,0
3,23,3,15,27,22,1,21,2,3,2,3,7,14,15,15,6,22,12,28,29,15,1,23,25,9,10,26,26,20,23,23,11,18,11,11,24,12,13,2,31,8,23,22,22,10,7,6,31,26,9,1,7,26,0,12,1,5,9,23,18,22,11,30,2,11,8,26,21,25,26,13,28,19,27,25,9,24,22,17,13,17,16,12,7,17,6,20,26,15,14,18,21,3,13,18,28,3,24,25,5,20,2,19,15,18,0,21,11,3,12,29,16,2,16,13,21,27,1,30,6,8,7,28,30,18,1,25
7,25,20,10,9,29,29,11,9,24,8,23,12,25,17,27,5,6,16,22,4,14,25,2,29,11,28,8,8,3,20,25,5,11,29,29,0,29,5,18,1,29,28,15,13,22,18,27,20,10,7,19,8,12,19,29,19,24,7,1,3,24,23,17,16,10,7,20,8,29,28,3,1,1,9,9,10,25,19,30,23,3,26,27,19,9,6,18,4,20,15,3,17,8,29,2,15,19,12,12,4,9,20,23,18,10,22,29,1,27,9,14,11,16,29,10,10,29,16,21,5,28,22,23,17,27,10,3
17,27,6,9,14,9,24,0,20,4,2,15,3,11,21,26,19,24,4,30,12,1,2,15,17,26,24,8,24,7,27,2,22,0,11,8,2,5,3,30,24,20,14,16,0,10,8,11,2,7,22,16,30,5,5,13,15,13,10,10,8,25,5,24,4,22,7,12,31,4,26,30,29,13,3,26,2,10,22,2,1,23,19,16,20,17,23,13,5,14,15,29,16,29,21,28,10,8,13,30,19,4,20,26,25,20,8,21,0,1,30,16,1,6,1,3,1,0,0,15,26,26,26,10,0,19,21,12
27,7,13,26,8,3,20,24,10,18,22,7,21,1,4,8,30,19,4,22,3,7,10,18,3,22,31,14,10,7,21,13,23,11,7,2,22,30,5,23,13,24,2,4,7,17,2,24,8,22,12,1,26,7,8,8,16,4,17,20,24,18,25,30,5,19,17,1,12,17,9,28,1,11,6,23,28,28,13,20,27,25,10,31,27,10,14,16,28,25,6,23,19,10,23,30,3,0,8,21,26,17,11,24,11,2,15,7,8,12,30,12,6,17,6,0,8,14,13,29,17,14,15,21,5,6,11,31
7,25,13,6,12,28,14,29,19,6,4,13,3,2,14,3,2,25,23,18,30,28,23,14,0,3,3,22,9,3,1,8,24,18,27,17,19,28,2,25,27,0,24,28,14,14,19,6,22,31,11,1,14,23,22,29,14,5,27,11,28,8,11,22,20,5,14,12,0,12,6,11,8,7,17,26,19,29,16,31,23,20,11,21,14,1,26,6,17,16,11,8,3,25,15,19,11,15,14,31,28,6,14,19,29,28,18,31,18,14,24,2,3,11,21,12,17,15,22,26,13,0,21,2,25,27,13,6
17,2,30,19,24,21,31,20,13,29,13,21,24,7,7,28,5,31,23,10,8,8,5,5,31,28,4,25,0,26,28,9,28,29,3,14,20,28,25,12,2,25,9,9,22,1,7,10,19,14,21,16,31,4,12,5,28,3,8,16,11,11,4,28,6,12,8,30,23,26,5,9,2,22,7,13,18,28,21,8,30,0,29,4,30,9,18,15,12,4,6,9,13,14,10,26,1,10,15,13,3,25,7,29,8,25,30,19,21,11,19,15,14,30,15,2,26,6,17,17,5,26,6,31,29,27,10,29
4,29,16,30,27,27,15,0,14,13,10,19,26,10,2,22,11,29,7,21,11,29,2,22,22,21,21,30,15,20,31,30,30,9,18,25,3,14,6,10,28,6,9,16,8,11,7,8,27,17,14,27,27,27,6,8,13,31,24,2,27,3,15,12,29,2,25,15,27,14,25,3,23,3,6,7,26,30,11,10,27,14,18,4,31,1,15,28,1,11,6,29,18,17,7,12,26,22,19,27,21,10,0,23,16,24,17,28,23,14,0,14,20,18,13,14,9,23,23,31,7,27,25,30,8,16,23,1
16,20,10,4,2,30,31,0,8,8,18,4,2,20,5,26,2,0,25,0,8,0,12,14,1,13,27,21,29,3,27,22,25,2,29,5,23,8,17,20,3,26,22,29,13,17,16,24,14,13,18,22,25,23,23,5,10,23,28,31,3,5,18,26,21,26,2,19,1,5,14,22,10,13,0,1,23,1,9,4,30,29,0,19,25,13,4,20,22,2,18,0,1,26,29,26,5,25,0,29,7,12,12,1,26,28,23,15,14,29,4,11,30,4,23,30,17,19,13,21,19,21,6,13,25,5,2,7
5,26,20,1,7,29,17,0,9,13,22,14,23,28,17,7,0,23,21,17,15,23,29,1,5,19,3,3,1,6,1,26,17,13,3,24,24,24,1,12,21,3,26,7,10,26,1,24,6,9,6,14,10,18,19,21,19,9,4,15,27,16,20,9,12,2,24,16,4,21,5,21,27,2,8,0,5,16,4,5,11,23,11,13,3,5,11,10,6,7,10,29,27,31,24,8,30,9,15,3,19,9,7,19,5,16,6,28,18,18,23,15,22,21,29,23,16,8,19,7,24,8,12,23,12,5,6,3
11,4,21,10,6,3,16,28,23,23,11,4,6,12,25,24,22,19,19,25,6,24,18,1,26,29,19,12,3,19,6,0,3,6,29,20,14,28,26,25,4,28,13,30,26,5,5,7,26,31,22,11,30,7,9,31,11,7,9,11,11,17,23,31,13,21,29,26,28,3,17,20,10,3,6,20,14,13,4,8,5,6,9,28,13,12,17,10,20,9,29,2,3,3,6,10,0,4,0,9,27,18,21,23,12,13,16,29,25,4,14,10,9,9,31,9,25,21,27,31,16,1,17,9,18,17,21,4
10,10,12,14,23,28,10,12,0,28,5,20,18,27,25,25,26,15,21,27,11,17,3,21,20,6,9,7,2,1,21,21,3,19,4,19,7,28,8,16,5,11,19,8,18,14,5,26,8,0,21,24,3,25,8,28,3,18,16,1,9,0,19,23,12,0,3,15,14,13,4,10,18,31,15,0,7,2,3,26,10,26,23,3,15,0,26,4,29,13,18,27,25,9,25,24,0,6,12,16,30,5,4,3,30,11,2,26,31,25,26,18,17,7,23,7,28,8,11,8,22,3,30,13,7,1,13,9
25,29,10,12,29,15,20,12,30,2,31,17,21,10,12,29,2,30,30,0,12,19,18,5,12,2,19,13,25,19,19,9,4,13,5,2,21,12,1,21,11,0,30,9,28,23,23,2,7,25,27,15,15,1,23,4,15,28,11,29,6,9,3,26,6,7,31,29,13,15,30,9,1,22,5,13,14,9,17,8,22,17,20,3,18,14,22,15,7,20,6,19,5,1,6,16,2,1,28,5,14,25,27,5,21,31,11,27,10,23,17,23,26,19,10,8,28,9,13,25,0,12,15,9,0,19,19,8
26,31,31,25,17,22,8,19,5,16,31,30,29,24,29,30,2,19,1,18,17,10,3,22,7,17,16,8,2,13,29,29,28,16,23,8,25,14,15,8,31,10,16,12,7,19,0,28,10,22,2,18,22,15,29,23,23,17,16,24,1,19,1,29,21,1,23,30,3,0,4,14,27,18,26,24,31,17,22,29,19,22,9,1,3,1,26,16,17,17,7,28,18,29,30,16,5,15,14,28,21,7,21,17,30,10,10,20,14,28,11,11,29,6,4,0,0,19,12,20,21,11,7,18,13,10,20,5
23,19,27,23,28,1,26,18,15,19,28,22,22,26,5,6,19,2,30,18,18,20,19,0,11,22,14,25,24,17,21,19,24,19,21,2,13,23,8,27,21,10,26,2,11,16,19,7,6,24,31,12,6,18,25,31,15,14,17,5,12,31,5,18,13,0,17,21,4,9,30,13,9,0,29,16,30,1,31,26,8,10,29,4,12,28,23,26,17,3,3,12,20,28,22,0,12,23,7,9,4,19,26,6,28,24,2,11,14,19,0,16,1,8,8,5,8,4,2,1,0,5,6,25,22,20,6,3
22,25,13,29,22,17,25,30,6,6,8,0,10,6,23,22,25,2,9,19,19,3,30,0,4,13,5,2,30,7,27,17,26,0,17,28,14,9,12,10,16,30,21,25,16,9,27,19,28,25,21,28,1,26,21,12,21,29,27,31,7,20,24,26,1,13,20,27,11,15,28,25,31,5,21,16,12,6,9,18,6,23,0,18,28,26,10,17,24,28,20,31,18,12,17,7,6,4,13,15,25,1,30,27,27,21,16,15,15,24,18,13,24,16,7,24,8,1,7,8,19,11,2,1,6,1,18,27
12,8,27,23,11,15,3,18,30,28,7,8,3,22,0,15,7,3,31,27,21,0,25,7,1,30,14,5,10,30,4,23,22,17,24,19,19,12,4,4,10,3,23,7,0,6,13,1,30,28,0,14,1,4,4,4,22,6,11,11,6,15,4,17,7,18,6,16,26,3,28,12,10,26,18,12,8,2,10,9,17,15,18,16,23,3,15,30,16,10,24,8,9,4,22,18,11,18,28,2,27,26,13,24,10,11,1,7,29,8,12,13,21,20,15,14,23,16,29,10,9,5,8,27,1,27,15,24
29,20,31,17,3,12,27,5,0,15,25,22,17,24,26,1,8,7,8,7,15,2,13,31,24,21,29,13,8,1,15,8,27,25,18,19,13,30,28,13,5,31,20,9,2,26,18,0,1,27,6,23,5,2,24,19,15,9,3,9,4,28,17,26,16,11,24,26,28,16,6,21,13,17,23,13,16,18,16,21,8,9,8,10,7,12,17,22,20,8,23,19,29,18,27,30,11,15,7,29,26,19,14,10,16,5,29,17,2,14,16,9,14,16,0,9,15,20,30,16,10,8,13,10,6,14,3,5
28,22,3,3,3,21,10,17,23,25,29,5,22,16,27,28,26,10,19,1,5,19,28,25,3,30,24,3,2,27,22,0,26,27,31,20,29,8,28,10,14,24,30,20,25,10,30,4,0,16,13,0,15,15,18,29,10,5,0,10,11,13,7,27,0,28,15,0,4,12,2,23,13,14,5,1,25,1,11,9,3,6,14,28,24,0,12,15,10,31,11,23,17,6,23,6,14,19,16,6,8,20,4,12,12,9,1,30,27,30,24,13,27,11,4,0,26,1,26,24,13,10,17,4,22,20,0,22
0,25,5,31,13,7,29,14,19,4,27,31,24,13,5,7,13,29,24,20,12,27,23,9,0,15,15,5,8,23,21,18,20,16,12,2,10,7,28,6,29,12,14,19,29,0,16,11,25,10,7,14,17,3,8,26,24,21,21,11,31,15,26,9,7,15,31,16,20,9,10,15,6,6,7,16,1,14,13,18,2,7,5,9,18,12,0,4,12,9,26,29,5,1,20,15,24,14,16,15,7,19,30,3,18,24,18,27,24,1,8,4,4,30,11,29,18,14,28,23,16,19,23,17,30,21,5,9
14,29,23,23,29,12,5,9,19,0,21,16,26,17,6,27,15,4,20,31,2,14,11,18,22,10,0,11,8,23,30,17,17,26,30,2,3,30,4,30,3,24,20,8,12,20,28,18,8,7,18,16,25,7,25,4,16,4,4,28,15,4,16,16,23,8,23,13,22,25,15,6,18,31,20,3,13,16,8,26,13,10,8,21,29,17,23,11,21,12,7,5,0,4,12,17,1,12,7,27,29,5,24,0,29,12,23,20,5,7,5,15,23,31,19,17,19,12,11,11,18,12,15,2,3,7,7,3
18,24,12,0,6,0,10,4,1,28,7,11,25,28,30,30,6,11,22,30,18,11,0,30,15,10,18,27,1,18,2,8,20,25,1,15,25,18,11,4,2,27,24,28,10,22,28,3,29,18,30,30,27,21,10,30,26,21,10,22,22,1,25,0,3,10,0,22,27,23,17,19,12,18,25,2,31,11,3,7,26,10,24,15,27,24,20,2,31,3,25,18,28,12,1,4,11,27,1,15,26,23,8,25,23,24,7,13,24,12,2,3,1,1,8,26,0,21,17,19,25,10,14,12,17,7,0,23
8,16,22,28,26,1,12,2,19,31,30,16,23,1,31,24,27,28,6,12,14,15,4,9,23,30,31,5,2,20,16,25,21,6,18,29,29,15,2,0,4,17,31,23,27,7,28,26,24,4,23,21,2,11,17,1,27,16,18,30,12,23,9,25,29,14,14,28,1,17,3,22,17,27,2,3,16,11,26,24,5,0,18,11,11,9,3,31,30,9,17,29,23,28,23,26,25,14,24,10,1,8,17,29,24,5,25,13,26,15,16,28,19,27,6,2,25,3,18,26,18,27,18,24,13,14,25,3
10,7,20,22,19,26,31,27,19,15,31,11,8,31,21,4,4,23,31,22,17,18,15,22,5,31,29,10,0,17,6,12,22,19,22,6,10,11,24,23,20,1,3,8,9,31,18,10,28,16,14,3,22,11,24,19,29,17,16,0,21,2,28,15,17,30,14,9,30,4,25,18,9,15,22,16,18,25,6,16,9,22,31,20,21,31,16,14,12,8,21,8,15,30,29,18,17,25,24,16,9,5,8,18,20,26,10,16,25,13,14,30,11,22,6,22,2,28,23,29,8,18,1,10,0,2,14,29
2,31,5,31,11,19,16,2,17,18,1,9,29,27,5,8,24,24,1,4,3,15,31,29,26,5,31,25,1,9,15,26,20,12,2,8,9,25,5,26,8,5,22,2,3,26,24,30,22,2,20,6,0,7,8,12,8,6,13,11,1,28,9,26,1,17,12,10,13,8,13,9,15,15,25,23,5,17,6,4,5,8,10,17,21,26,19,20,9,14,17,11,31,17,1,23,29,26,1,18,19,8,19,5,3,26,22,0,4,29,16,12,7,10,4,22,13,6,19,18,18,30,26,25,11,12,21,11
20,21,20,7,30,17,7,26,12,28,16,18,3,5,11,23,20,24,27,6,0,18,0,29,1,17,18,15,24,30,26,6,21,22,10,30,31,22,5,0,5,22,14,16,27,1,8,20,15,25,15,13,1,22,21,22,27,29,18,1,9,30,28,14,24,23,9,4,20,27,12,29,14,0,11,18,15,0,14,15,0,3,23,19,16,28,4,27,12,23,25,9,4,23,8,7,16,13,18,8,23,20,10,16,21,11,2,10,11,11,21,22,7,29,5,5,13,19,17,24,0,30,3,15,31,20,21,20
30,2,28,15,20,13,3,11,29,28,4,15,14,18,2,15,14,20,1,1,24,5,28,6,16,18,16,1,19,6,16,27,10,25,31,27,5,31,4,30,1,21,0,19,23,5,4,7,13,24,23,4,27,13,13,31,0,11,15,8,14,23,11,31,22,22,9,24,7,1,27,2,10,31,3,6,25,15,16,15,4,8,7,3,20,25,9,22,21,28,12,16,7,27,1,13,5,22,20,11,28,1,15,9,0,4,31,17,22,14,10,22,0,8,22,15,10,12,29,1,16,10,13,9,24,21,15,5
15,25,3,1,9,16,21,17,30,25,21,23,3,12,15,18,6,2,4,5,24,6,23,4,12,8,31,2,7,16,18,19,31,15,29,29,7,10,16,29,30,11,24,21,12,26,18,13,20,9,19,7,13,17,12,19,6,10,10,30,16,29,13,6,8,29,20,6,15,26,0,6,17,30,15,4,2,3,11,1,26,29,23,3,7,30,10,20,15,8,21,5,7,4,17,31,19,31,18,17,8,1,27,16,26,1,18,10,20,25,20,9,19,0,18,12,4,28,3,8,6,25,0,20,21,4,25,2
16,17,27,5,26,10,15,26,3,6,23,2,13,20,12,14,24,7,1,20,18,21,17,8,27,3,18,10,16,29,22,5,13,17,6,7,10,8,27,6,17,18,0,26,13,25,12,19,24,3,4,14,24,16,22,10,18,4,31,9,28,30,1,8,1,30,12,13,6,17,29,8,5,23,13,14,8,30,29,18,5,2,5,2,8,0,26,8,13,15,1,18,1,5,30,28,17,21,4,7,29,0,28,8,20,19,17,11,19,20,25,18,0,12,19,12,24,6,3,31,9,4,6,11,24,11,10,0
0,0,11,5,10,17,14,28,19,18,1,29,29,21,20,10,13,5,29,23,5,0,19,27,20,19,6,30,3,14,21,17,17,29,29,28,30,21,8,13,12,13,27,7,31,7,10,12,17,11,21,2,27,19,11,0,13,11,28,26,14,12,13,3,27,4,16,23,16,4,13,16,16,18,21,4,12,3,21,21,14,9,30,31,22,25,12,23,16,20,21,24,0,20,24,0,3,12,30,0,31,13,30,8,19,10,6,28,29,28,8,2,27,8,5,23,10,28,27,16,31,6,9,2,30,29,19,7
28,16,1,31,0,30,2,16,9,19,0,12,2,13,1,7,16,17,1,2,11,12,25,3,14,22,14,15,28,25,17,22,11,19,25,17,4,16,6,28,7,24,12,16,30,6,11,0,26,25,8,27,19,8,20,30,2,29,28,13,13,10,12,6,7,0,14,12,22,8,9,27,19,1,3,15,7,30,26,12,26,10,11,0,0,16,29,4,12,20,20,2,25,7,13,5,12,19,11,1,21,15,15,24,10,31,6,7,7,20,23,3,11,18,31,28,1,22,5,19,5,24,19,21,0,0,9,18
0,6,4,4,25,14,16,17,14,16,15,16,17,21,8,7,10,0,5,23,11,27,29,15,20,15,24,15,12,11,22,5,31,25,19,10,21,2,6,24,9,6,9,5,16,13,26,19,31,26,24,20,31,24,31,24,14,23,20,22,8,2,27,15,21,25,16,19,22,26,6,20,1,15,6,12,5,27,5,22,10,29,13,10,22,1,31,5,15,18,29,11,15,19,20,28,28,28,2,18,29,25,15,21,12,22,31,26,11,13,18,24,18,19,11,17,9,29,14,4,3,30,5,17,12,21,31,28
8,13,26,19,4,20,19,6,10,18,0,19,14,21,15,19,20,30,25,19,14,27,5,15,19,8,14,0,25,0,30,19,5,10,0,18,12,9,25,16,24,0,28,6,21,1,31,18,16,6,25,21,0,24,29,7,24,23,4,30,10,20,2,30,15,10,2,5,2,11,14,21,19,0,17,21,18,6,12,19,9,29,25,9,21,28,31,12,28,1,13,15,6,16,23,15,16,31,0,11,8,23,27,0,25,27,0,23,13,12,15,1,16,22,27,9,24,14,21,12,9,20,27,5,11,10,7,21
27,22,21,20,8,5,0,4,10,28,12,24,9,19,16,28,26,4,16,3,8,22,9,14,29,1,21,30,13,15,20,19,4,12,19,13,4,1,7,3,6,0,13,8,6,4,0,28,4,19,23,11,12,23,8,23,18,15,27,24,6,5,15,28,18,27,16,20,31,19,17,26,24,15,29,23,9,1,14,8,25,12,6,23,18,4,20,25,10,16,9,16,10,25,21,9,31,14,17,30,28,16,28,13,11,14,26,22,29,30,22,22,15,7,4,31,11,26,6,12,23,10,1,5,23,22,15,27
23,6,10,17,12,27,0,26,9,3,24,6,9,29,4,27,13,21,2,1,12,24,26,10,2,0,4,29,24,5,17,3,31,15,23,22,6,31,12,15,21,27,25,14,16,20,2,31,24,4,4,25,26,3,23,29,19,17,6,26,1,5,24,8,8,7,18,0,5,7,25,5,21,12,3,23,1,9,31,3,8,9,9,26,14,30,30,9,17,12,1,29,22,29,5,5,25,19,19,22,2,11,17,24,20,18,1,3,8,6,4,6,12,29,3,9,16,17,31,19,26,26,0,27,1,11,21,2
11,1,15,4,6,19,16,18,6,28,7,7,25,23,24,27,9,3,26,3,22,21,9,15,30,21,31,18,24,22,7,0,3,14,30,11,12,3,15,16,20,9,11,4,31,4,19,10,0,6,31,5,22,2,15,6,29,12,31,5,0,5,12,6,26,4,23,4,10,7,20,6,19,11,20,21,9,30,30,27,29,20,17,30,17,9,30,18,29,13,9,8,15,25,17,23,4,4,16,4,9,19,29,15,31,9,15,1,25,6,26,16,22,18,13,1,15,27,26,26,5,0,26,10,10,16,24,18
5,6,27,0,6,28,12,31,5,9,22,17,3,9,4,28,22,12,11,22,23,17,30,13,5,6,31,9,25,18,13,31,23,19,21,29,7,15,3,30,19,30,9,12,13,9,19,16,26,6,15,0,10,20,19,18,24,25,19,0,14,6,18,10,31,3,22,22,30,5,3,10,22,30,23,4,1,11,7,20,22,14,30,3,28,10,3,25,30,24,26,6,29,9,1,15,24,22,15,9,15,24,2,26,3,6,9,6,5,10,12,11,3,22,17,3,2,4,31,0,16,1,2,21,15,23,11,7
6,19,1,10,29,30,14,27,22,8,17,8,28,25,14,8,27,26,30,12,30,2,29,7,19,17,19,6,17,31,28,5,19,6,1,28,11,25,10,16,4,29,17,17,11,19,8,26,1,17,7,1,23,14,28,28,18,7,3,17,14,14,1,27,31,7,4,26,16,24,7,24,25,28,31,1,23,27,1,24,16,23,3,14,2,13,22,18,13,31,27,16,5,13,4,8,15,8,5,26,9,18,10,0,25,6,12,12,15,16,17,5,5,15,27,4,6,29,10,9,6,28,8,16,28,4,10,23
18,6,16,6,23,31,10,4,25,23,4,12,11,27,7,5,10,18,9,17,12,26,22,1,3,31,23,3,27,18,9,25,24,2,2,8,27,11,19,15,18,7,22,8,19,24,3,29,8,5,30,27,11,10,9,12,19,30,20,15,24,5,3,28,24,23,1,6,14,9,5,18,20,5,11,20,1,24,13,19,16,2,27,26,23,9,1,11,4,20,7,16,6,6,28,26,0,15,8,28,19,17,5,24,29,27,26,1,29,24,1,21,9,11,11,18,12,13,19,1,20,8,20,31,23,18,27,8
1,29,31,6,10,14,25,29,14,12,0,5,26,10,27,9,7,27,11,0,30,25,6,15,6,7,11,26,13,31,7,21,21,23,15,28,17,14,17,12,9,24,11,7,12,6,31,7,17,6,10,10,13,25,6,17,1,13,18,30,7,16,13,21,13,4,2,4,9,31,0,3,24,10,2,5,1,8,20,31,21,25,8,21,2,11,31,10,18,21,1,12,31,10,25,5,2,22,1,20,29,24,16,1,14,25,24,20,23,2,7,15,14,22,9,29,14,0,0,25,0,17,14,14,20,20,29,26
21,24,31,4,18,24,10,4,9,22,4,18,6,6,21,26,19,11,18,8,24,30,2,6,27,24,0,2,2,29,16,7,11,9,2,0,14,10,27,11,27,7,13,0,17,28,27,9,3,26,9,7,15,22,30,24,12,3,13,29,17,26,14,4,26,20,7,17,13,15,1,21,3,7,8,16,22,6,5,13,2,27,24,11,28,28,18,18,0,23,15,16,3,2,25,29,6,1,29,24,28,11,17,1,21,6,25,8,11,15,30,26,5,25,9,26,2,12,2,21,21,12,11,10,28,2,15,9
19,18,31,17,19,29,16,31,29,16,8,14,20,3,6,27,16,10,30,23,17,24,27,26,16,19,2,11,22,24,23,3,8,14,31,9,19,19,24,18,9,6,24,0,25,28,2,10,13,30,13,0,18,12,13,7,22,5,12,27,17,23,25,12,14,10,7,1,9,9,3,3,3,1,19,26,6,26,21,1,25,19,30,25,10,12,4,21,1,24,2,27,21,2,30,1,20,18,3,16,15,28,10,14,14,15,29,24,10,2,28,14,30,15,13,19,25,28,9,14,24,14,20,21,4,25,29,24
24,16,5,1,17,13,5,11,27,16,26,28,2,1,3,23,2,29,9,18,3,24,12,24,16,7,9,21,6,5,1,1,3,25,23,24,19,11,9,26,9,14,28,3,14,15,22,5,14,20,13,1,22,19,15,24,19,19,16,29,15,22,22,13,25,25,26,25,16,25,0,13,11,6,24,23,24,3,11,16,7,0,24,18,27,19,9,24,14,28,13,4,3,7,29,2,14,5,11,2,15,11,30,26,16,17,15,27,9,29,13,18,6,23,9,21,18,8,31,16,6,15,2,2,30,19,9,21
2,18,3,17,19,27,21,24,19,12,11,30,21,11,15,23,10,1,24,26,17,17,29,7,18,0,14,1,26,21,13,5,30,3,6,20,4,9,17,24,9,24,28,23,9,25,0,3,3,17,21,13,28,22,22,22,28,29,17,25,9,2,18,20,21,9,23,28,16,4,12,26,17,11,18,8,14,23,20,2,0,13,4,7,26,30,13,9,10,11,20,16,0,11,12,15,24,2,21,19,23,8,8,25,31,21,27,21,8,30,24,23,3,14,14,7,2,21,25,4,15,5,23,15,13,9,20,17
15,19,24,17,21,13,30,22,23,23,24,3,31,13,18,21,19,20,14,5,6,22,17,28,22,20,20,10,19,2,6,10,27,12,0,6,28,26,7,13,13,21,18,15,26,17,27,15,15,26,4,22,11,25,12,3,4,6,22,12,12,1,25,10,16,6,12,13,22,10,16,12,29,20,30,18,28,14,10,31,28,0,3,17,7,17,17,3,0,8,22,21,9,20,26,14,6,16,21,4,27,13,25,0,17,28,0,26,15,12,0,16,22,24,0,23,10,21,12,17,3,6,1,30,10,16,16,22
1,31,16,10,9,10,27,1,10,9,18,24,31,0,4,24,24,22,12,13,10,1,26,6,16,5,19,31,14,29,8,19,10,11,19,29,11,0,21,19,19,18,30,27,8,28,27,2,12,19,25,13,1,11,7,8,17,31,25,4,0,13,8,8,26,0,9,28,11,29,17,13,5,1,30,2,0,17,12,22,14,12,8,31,19,3,31,25,15,18,1,14,0,5,6,21,0,12,15,31,7,18,29,12,3,23,24,17,6,26,8,17,18,18,10,25,27,23,3,14,7,27,12,29,24,9,21,14
1,5,2,16,9,22,24,20,12,21,20,11,11,8,9,15,21,17,11,4,31,10,2,4,13,14,2,30,24,22,3,19,23,30,19,27,17,23,0,25,10,22,3,30,17,9,23,31,16,20,28,10,9,18,17,27,3,26,5,25,13,28,15,3,22,8,29,21,6,15,2,2,11,22,0,27,8,11,9,16,3,22,29,27,26,6,14,31,13,20,16,20,1,1,25,9,31,4,3,22,20,25,25,11,13,8,22,26,27,19,0,24,8,16,28,26,8,30,5,9,18,22,9,14,11,23,15,19
3,30,4,3,23,2,19,13,14,14,22,22,28,31,27,27,13,14,16,17,24,19,20,24,1,18,5,26,18,17,28,19,24,28,8,24,26,24,13,14,28,21,14,25,10,13,29,7,16,25,4,1,27,3,15,23,12,19,5,2,19,29,15,24,14,27,8,14,5,21,16,12,20,22,12,16,31,11,27,24,6,16,28,14,4,30,10,7,23,16,9,9,20,24,6,7,20,31,5,9,13,24,6,23,16,0,19,30,23,30,30,18,13,31,13,2,6,22,20,0,30,17,29,2,18,0,9,5
29,10,22,0,21,17,24,15,7,11,4,20,29,20,18,7,9,9,7,4,30,17,12,10,17,21,8,25,23,14,10,4,5,22,16,30,0,11,9,10,14,21,7,7,24,14,22,2,29,2,8,22,17,23,22,18,31,24,24,17,23,27,27,0,15,20,21,30,0,0,24,21,12,30,15,15,11,18,16,6,5,12,8,12,14,15,18,7,19,0,30,20,18,3,19,9,28,19,25,7,16,7,6,16,1,14,29,7,10,25,12,5,18,19,23,17,7,12,31,5,30,21,7,8,27,11,31,19
27,0,30,31,27,25,26,27,6,15,31,12,23,21,17,30,2,26,25,11,0,10,9,25,28,6,7,25,15,25,18,24,6,3,30,9,10,26,27,14,0,3,21,15,15,30,18,21,9,5,6,0,0,16,5,27,11,0,29,20,16,12,15,11,14,24,11,13,11,4,14,13,7,4,23,31,10,3,28,14,18,6,14,15,6,26,8,14,1,14,21,27,12,16,17,4,29,18,0,0,23,18,0,1,0,23,6,29,28,3,10,23,17,14,18,24,21,14,26,5,14,29,31,24,17,22,24,5
1,15,24,17,8,31,0,30,28,20,12,15,30,16,2,29,8,18,28,8,0,6,14,9,2,8,5,18,10,30,9,31,22,5,1,12,16,15,29,31,21,22,13,25,9,20,3,30,10,20,13,7,9,24,16,28,20,18,30,18,11,2,16,4,3,23,10,2,31,28,17,31,13,28,2,2,29,9,12,21,26,15,25,9,11,6,25,21,0,22,26,14,0,24,28,15,15,14,22,10,22,21,3,3,7,29,2,4,12,20,10,26,17,15,7,8,8,13,22,2,3,22,13,26,23,24,20,16
19,8,16,16,18,2,0,1,22,18,11,23,31,1,27,26,30,11,0,8,25,6,14,25,27,13,28,15,28,6,2,11,10,5,9,25,25,4,2,18,18,0,9,10,31,25,26,16,11,28,30,18,22,18,4,3,24,22,7,9,14,9,8,27,18,18,18,19,28,14,8,30,1,8,22,26,10,25,26,21,4,6,7,6,9,18,19,4,14,17,20,15,10,14,2,25,8,22,20,22,5,3,21,1,9,17,27,15,27,28,20,15,16,9,23,20,3,5,2,14,5,27,12,27,20,0,27,16
6,0,7,7,27,26,31,28,2,30,31,20,9,24,16,1,24,27,12,30,0,25,6,8,8,6,5,29,13,19,31,29,9,26,12,15,1,11,11,4,31,4,1,29,20,5,9,31,15,8,14,13,24,29,30,12,11,29,9,9,10,6,20,6,1,16,12,29,30,17,5,10,24,12,13,18,19,21,10,1,31,25,9,18,31,8,4,9,28,25,4,21,9,17,19,24,20,30,15,1,18,1,12,25,22,31,5,15,21,27,28,12,1,20,12,16,10,21,6,9,1,14,24,9,4,3,16,7
25,5,25,10,6,23,2,22,20,12,14,18,2,27,9,11,26,1,23,23,9,14,2,23,17,9,25,19,9,16,17,12,15,2,27,0,17,31,3,10,4,6,8,8,4,3,18,19,31,10,14,11,25,4,29,28,22,20,21,14,3,11,4,25,25,28,16,23,13,1,3,0,2,12,10,4,21,16,14,23,21,19,5,14,29,24,1,13,9,16,6,5,16,5,28,2,5,27,12,1,27,11,24,26,6,15,27,22,0,24,9,29,4,12,17,17,16,17,3,6,17,11,21,19,25,16,28,31
10,12,11,11,7,31,24,12,14,21,1,14,11,29,2,8,22,29,11,28,21,21,5,23,6,7,0,13,18,31,25,22,3,30,26,17,5,2,11,22,28,24,12,27,2,2,8,2,29,1,14,24,29,25,1,7,14,4,18,30,5,30,24,27,9,24,21,3,30,5,24,12,15,2,17,7,15,10,11,8,31,16,3,2,30,6,7,29,29,12,2,30,0,7,20,10,22,28,12,31,30,15,18,1,11,18,30,12,18,7,8,26,18,20,24,14,0,20,24,12,31,8,0,11,29,5,11,21
24,27,8,20,10,13,28,4,9,5,16,22,11,17,12,29,22,13,5,26,17,18,24,29,31,30,6,3,24,26,0,29,12,11,7,11,26,17,22,26,17,29,10,14,9,22,15,28,30,8,17,19,14,6,12,21,22,7,24,15,12,30,24,1,25,18,12,5,22,16,17,10,29,29,20,26,3,0,5,21,12,14,6,3,19,19,13,1,16,21,1,23,14,21,4,7,25,19,30,12,13,2,1,31,31,2,2,23,11,6,14,31,2,8,8,2,11,23,29,15,31,17,2,22,11,0,31,5
13,5,17,15,31,9,25,23,5,26,8,22,10,18,26,0,13,5,19,16,4,14,19,7,19,18,21,0,7,11,27,9,11,10,11,5,23,6,14,14,30,26,19,18,19,4,15,5,26,22,7,2,15,14,4,25,4,29,18,14,29,20,24,19,4,18,4,7,0,0,4,17,11,23,5,28,30,19,1,30,11,31,22,25,19,24,29,5,23,28,23,26,18,18,8,17,18,1,31,14,2,30,12,12,23,23,24,6,20,23,20,14,8,3,13,2,3,11,12,18,15,21,7,16,28,3,5,10
20,28,15,17,29,15,13,0,19,30,11,2,1,17,6,29,13,27,4,15,9,13,13,0,7,18,7,20,13,1,14,6,16,27,30,20,14,27,30,28,22,23,15,0,3,8,27,2,12,30,30,5,1,15,19,3,11,21,16,8,18,22,8,9,20,10,29,14,26,30,31,18,17,4,10,7,16,22,7,20,21,20,3,23,3,15,8,9,16,0,16,1,21,7,1,1,2,29,6,2,4,13,27,15,18,9,11,28,20,8,4,22,0,10,27,15,13,2,23,11,21,18,14,29,16,3,0,23
10,17,5,15,21,0,19,28,7,28,13,4,11,2,26,15,22,31,4,8,4,4,25,29,18,1,23,10,8,19,26,6,13,2,11,22,29,29,17,10,25,9,11,8,1,1,19,19,24,1,21,25,11,26,14,26,20,17,31,15,2,11,21,5,8,21,26,8,20,2,15,5,30,27,15,10,10,18,8,8,3,26,6,12,27,0,0,13,19,8,30,17,24,27,19,17,5,5,14,21,30,28,15,11,29,2,14,4,7,8,20,16,14,27,7,17,29,0,27,22,31,8,9,8,4,1,10,17
31,20,3,6,1,3,10,30,16,19,27,14,17,10,19,29,19,12,7,17,20,19,5,27,7,0,0,8,6,28,7,6,23,23,26,7,17,30,3,8,5,25,4,23,28,22,6,11,2,0,20,9,27,6,14,12,23,9,11,30,15,17,30,30,29,0,9,27,23,4,5,27,0,5,21,22,4,28,1,29,21,6,17,16,15,11,25,7,18,18,4,15,30,6,12,2,10,2,12,30,14,22,11,27,2,30,27,7,19,19,24,21,0,29,8,28,29,7,15,16,26,30,1,20,17,7,16,1
10,10,15,8,31,0,19,7,13,13,6,26,18,16,7,4,10,20,0,16,17,14,27,12,4,2,24,15,30,17,0,20,3,19,12,11,29,27,28,17,10,31,3,20,16,9,10,1,28,14,0,5,2,7,14,17,8,29,31,31,25,22,22,17,3,22,17,31,5,22,1,18,14,27,19,5,22,2,20,28,20,22,4,19,17,5,31,28,22,18,26,16,14,27,23,3,15,2,19,2,11,0,27,7,21,4,24,10,28,5,13,28,6,19,14,9,11,8,10,11,16,2,26,3,17,20,10,1
19,25,10,20,18,13,19,7,2,24,9,19,8,19,9,13,15,15,1,1,19,9,5,15,29,3,28,16,20,11,20,15,18,25,18,18,0,23,13,25,1,10,30,5,23,27,5,2,19,24,30,5,2,17,7,10,3,3,21,24,27,3,31,8,9,16,30,5,31,20,31,31,10,31,1,23,24,31,25,16,3,9,3,16,29,20,17,25,7,1,7,13,15,20,8,27,30,1,3,19,5,7,2,2,4,10,21,7,20,17,3,8,1,29,25,19,9,24,28,22,31,19,3,6,28,9,7,16
10,29,12,11,28,20,18,3,2,1,7,7,9,13,24,20,31,18,19,22,4,30,7,20,1,6,23,21,0,27,29,11,22,0,22,25,30,23,8,25,3,1,13,18,11,24,9,9,8,0,9,22,10,19,1,28,24,5,27,16,1,14,15,22,6,21,16,18,15,1,16,11,3,19,29,18,30,8,2,30,7,29,16,22,2,30,15,18,29,12,22,1,12,9,5,18,5,25,20,10,27,28,22,10,0,4,8,18,6,16,2,3,16,28,19,22,1,28,27,17,0,28,30,19,11,28,22,19
20,0,21,2,21,1,16,19,30,14,13,25,13,1,11,7,11,25,3,28,25,1,8,5,26,12,26,8,20,18,5,21,13,5,12,5,1,13,1,29,31,31,31,3,20,0,31,28,29,5,22,6,6,8,20,1,4,23,27,0,30,26,13,19,29,8,10,21,2,2,16,18,7,7,22,12,3,4,27,19,1,18,20,1,7,21,6,12,21,16,22,31,23,1,9,12,2,4,18,16,24,20,18,18,24,16,1,22,2,8,0,1,14,23,30,24,19,17,10,10,4,18,22,16,0,7,17,0
23,14,21,11,2,19,13,29,11,10,13,23,30,9,15,0,31,23,7,26,31,10,12,2,5,23,11,21,23,20,21,12,21,3,4,5,28,17,27,9,8,19,31,21,29,22,14,13,28,26,17,10,5,19,23,6,1,8,17,30,14,24,31,29,31,15,2,7,29,9,11,6,25,16,27,15,4,11,25,26,20,20,9,4,7,21,9,27,30,16,3,12,30,16,28,3,26,12,15,29,13,15,5,13,24,13,24,14,31,31,7,12,11,20,19,28,22,18,12,14,28,0,6,14,6,10,17,17
2,10,22,23,23,5,17,6,21,19,25,7,30,2,13,11,28,17,27,28,8,29,28,12,27,0,26,29,4,28,7,4,11,21,31,21,22,23,22,17,28,22,11,19,31,3,6,27,20,30,29,6,5,27,10,16,14,17,0,23,19,11,28,15,13,18,30,6,13,4,24,23,26,9,1,12,18,6,23,25,18,9,10,6,7,12,10,4,4,16,8,10,15,8,0,9,17,28,27,23,16,16,10,24,2,14,23,1,20,4,11,11,10,7,26,27,25,31,20,2,22,21,0,28,15,0,1,23
9,17,19,10,18,21,22,16,23,29,22,13,0,27,18,13,11,30,25,13,31,2,29,18,22,20,2,26,5,12,23,24,18,10,26,30,6,23,21,27,15,11,10,11,18,26,7,21,18,8,6,29,6,22,30,25,25,9,20,23,21,25,29,20,31,25,6,3,11,21,5,13,27,31,26,10,24,10,4,11,23,30,10,30,9,31,15,13,22,28,19,27,21,10,26,6,25,1,14,27,7,24,13,10,2,9,17,26,25,13,19,28,25,21,5,16,3,17,21,7,9,23,0,12,21,23,30,1
4,27,31,25,14,2,18,9,11,28,7,4,13,31,26,0,3,23,31,11,27,20,19,29,21,25,6,12,10,26,19,0,8,20,3,7,9,3,31,9,6,24,8,6,25,2,3,2,10,28,6,9,20,17,6,17,5,1,28,17,25,1,15,18,0,20,9,24,18,14,11,21,16,14,1,28,12,16,27,20,31,22,26,1,2,10,7,29,10,31,31,25,0,1,4,19,27,3,18,26,24,22,5,8,0,15,2,15,7,8,16,30,6,21,23,3,4,21,22,7,11,8,19,13,8,31,11,24
22,1,2,22,1,25,27,17,21,13,4,2,1,23,25,1,29,25,29,12,24,13,3,28,24,20,20,9,2,21,21,7,17,9,8,31,29,24,8,26,2,29,15,10,12,9,17,0,29,27,26,24,4,20,11,1,25,25,21,27,15,22,2,1,4,19,1,0,11,26,14,30,14,20,15,5,18,23,15,26,22,10,18,23,14,24,10,23,12,23,11,17,0,27,14,8,29,12,15,23,27,23,14,14,22,9,5,28,6,5,29,13,10,5,0,7,23,1,10,6,0,24,28,24,4,29,20,23
22,22,22,8,24,15,7,0,11,22,3,19,6,21,22,13,31,0,16,24,22,3,25,3,29,9,2,8,12,12,12,29,7,19,2,18,8,20,0,8,1,19,7,26,25,15,7,9,24,5,3,15,14,2,8,20,2,19,28,13,25,27,26,31,0,6,11,26,20,4,11,8,1,11,16,13,19,3,31,10,17,4,1,15,14,26,11,4,3,26,25,6,1,6,23,8,30,9,23,6,27,10,27,15,11,12,16,22,4,4,21,14,25,27,3,18,23,26,25,7,10,17,2,16,27,1,7,19
14,10,26,12,27,13,28,7,24,6,29,31,28,29,12,27,13,6,11,7,21,5,13,17,30,23,9,4,27,6,7,23,3,26,29,13,30,15,21,25,1,22,20,10,23,26,6,9,29,27,23,7,11,27,24,22,28,3,18,10,27,13,9,0,31,0,3,9,22,12,16,27,22,3,25,21,19,8,6,29,29,27,18,27,30,8,27,5,20,28,3,29,5,5,22,17,9,24,2,12,27,4,29,15,30,13,23,4,29,11,22,7,11,1,7,15,17,15,8,8,6,1,28,12,19,7,18,27
10,26,24,12,7,13,31,25,4,8,28,11,20,2,14,6,3,17,9,20,11,11,28,24,27,25,11,11,14,26,7,19,25,13,25,20,2,26,13,20,25,27,27,12,19,3,14,21,0,28,12,3,10,1,7,15,21,7,27,16,1,20,19,7,22,17,15,5,24,4,2,30,0,21,17,18,22,4,7,29,10,19,27,0,24,9,17,24,18,7,4,4,29,11,5,20,11,7,20,21,11,21,0,29,16,25,4,13,5,15,26,4,14,20,13,10,23,16,5,24,22,3,22,9,22,22,27,25
25,4,23,14,1,25,5,19,28,26,10,3,9,24,17,30,31,31,29,27,28,18,17,16,31,0,6,2,5,0,26,15,29,27,29,27,11,0,6,16,18,27,26,20,28,12,18,19,0,7,6,1,0,7,17,0,10,5,22,24,31,20,3,6,13,12,30,29,26,22,5,12,26,7,1,5,28,20,15,17,25,5,5,13,7,20,12,3,3,11,14,2,13,8,12,12,8,27,0,14,18,13,22,8,26,10,0,3,27,5,24,15,9,21,28,19,14,30,20,30,1,12,7,22,19,12,5,28
13,30,5,15,24,10,27,25,20,20,21,6,17,28,31,8,6,3,14,4,28,22,13,18,7,15,10,25,10,27,3,25,21,15,5,9,24,2,27,20,12,27,27,24,12,12,30,10,20,26,30,20,5,10,4,1,12,19,3,9,26,14,15,1,29,24,14,10,21,25,28,30,21,0,31,31,31,19,16,14,28,0,24,7,7,0,13,14,7,0,23,0,2,27,5,31,23,8,23,8,27,22,11,0,17,2,23,14,28,21,16,31,1,14,11,3,3,1,9,1,26,1,12,18,9,24,5,10
25,20,5,3,4,5,12,14,21,30,3,28,10,14,26,17,12,20,10,1,9,28,17,12,12,20,11,1,10,21,24,16,6,28,9,30,17,11,21,2,4,1,20,12,29,1,10,5,10,5,6,29,4,7,31,24,12,29,31,30,28,2,15,9,15,21,15,27,5,17,16,21,19,1,18,17,0,4,27,22,11,20,30,28,11,0,15,26,6,2,0,1,13,7,28,9,14,7,12,20,11,3,24,21,26,3,25,9,20,14,16,9,2,24,26,30,7,18,11,23,0,12,6,2,6,25,25,30
21,20,17,22,21,20,8,17,4,6,30,4,4,28,25,7,30,11,20,24,31,3,18,28,25,4,31,5,21,26,15,29,14,2,14,3,20,18,19,12,28,31,20,29,25,1,29,11,28,13,29,20,11,21,25,22,29,18,2,10,8,21,22,30,3,8,27,16,12,31,6,11,27,2,9,20,22,10,19,30,29,24,20,6,22,18,24,25,17,17,5,9,7,29,23,4,2,19,17,1,10,24,8,19,2,24,20,21,29,27,7,18,29,0,11,4,23,22,9,9,22,18,4,15,2,21,8,10
28,0,30,1,27,14,19,17,19,3,31,30,5,24,11,11,20,3,16,23,15,11,8,14,6,24,4,16,17,0,28,23,12,21,13,12,25,30,15,1,30,8,25,5,8,8,20,8,12,12,25,13,1,19,10,8,30,11,12,8,6,7,26,5,1,23,25,30,30,15,20,7,2,25,13,15,26,22,4,12,6,18,26,4,2,26,23,0,25,4,18,26,2,17,11,13,11,15,27,5,31,16,29,16,22,17,22,6,27,9,1,2,31,11,20,18,18,6,27,8,8,12,14,2,21,16,23,2
29,22,24,11,23,23,4,22,5,4,19,22,10,8,16,19,11,0,1,2,16,5,8,4,21,23,7,25,12,28,21,4,6,0,6,8,29,30,10,14,6,24,31,5,12,24,27,23,25,19,1,22,1,29,30,18,29,6,19,19,17,20,10,20,0,31,1,26,0,8,9,4,31,8,5,2,24,25,19,30,14,13,17,29,27,22,5,13,13,19,12,9,11,16,27,13,14,30,29,31,17,17,5,15,9,15,29,24,24,29,10,24,2,24,23,16,0,22,22,30,29,14,29,27,21,24,2,2
26,30,27,0,0,2,28,16,23,9,6,4,4,7,8,19,7,6,17,30,30,9,14,13,12,24,6,26,26,24,1,14,14,10,3,1,20,4,20,7,5,29,17,10,11,19,11,12,21,16,5,23,18,24,19,20,4,7,27,28,5,25,26,18,18,18,14,28,20,22,1,7,31,2,11,7,9,25,16,0,24,16,6,17,23,18,26,5,2,6,18,25,16,16,4,12,31,9,13,4,4,28,27,23,11,9,14,10,31,28,24,27,29,19,11,12,24,12,23,22,20,3,0,30,28,22,24,26
19,27,17,30,26,19,23,1,2,27,12,27,24,12,20,29,25,18,8,6,24,3,22,9,5,21,18,2,23,11,3,0,11,24,12,4,31,8,10,19,8,6,10,2,9,4,11,3,30,27,20,21,9,4,21,18,9,13,24,2,5,18,11,26,15,13,8,23,18,19,20,24,22,28,26,6,1,10,24,31,11,0,22,2,14,4,3,15,12,14,26,15,27,8,31,23,5,3,7,9,11,12,25,12,25,6,14,15,6,27,28,2,29,22,17,17,13,15,0,1,20,18,11,10,10,20,13,5
27,11,25,17,13,24,9,7,2,15,24,27,31,31,26,23,3,1,25,1,5,10,2,2,21,31,14,24,0,7,8,28,3,13,3,19,6,3,23,20,3,5,5,20,20,26,14,9,0,0,28,14,0,19,12,5,17,19,23,27,15,26,20,24,5,15,18,21,7,22,2,16,23,22,20,20,15,20,14,11,7,19,14,27,16,22,18,19,25,2,11,2,31,11,26,19,8,26,3,4,14,7,0,8,28,6,14,21,10,14,11,12,7,14,15,23,20,2,7,5,28,11,5,25,8,4,18,18
4,20,0,10,12,6,9,5,29,16,25,8,19,13,30,3,17,24,14,19,16,1,11,13,31,18,2,31,19,30,30,30,9,21,3,4,18,18,18,12,22,12,5,15,4,29,29,1,6,15,20,6,7,23,18,31,15,13,27,12,10,31,7,20,13,0,22,0,28,4,5,1,4,17,28,6,25,1,18,27,6,30,21,9,29,24,20,22,5,18,31,30,3,27,20,3,5,3,9,2,27,2,1,2,24,29,26,21,11,16,4,20,8,31,28,4,7,24,2,18,26,31,3,30,20,29,0,14
12,9,0,26,6,24,0,27,5,18,11,22,23,8,14,23,9,12,31,14,7,21,11,28,28,0,25,30,12,31,31,28,17,22,1,5,31,17,6,13,26,10,9,5,10,17,10,28,6,20,5,28,1,0,15,26,21,18,9,21,1,8,21,0,3,15,6,28,4,4,11,18,6,14,1,22,19,7,26,23,18,6,22,23,3,26,16,18,14,15,9,18,10,10,29,19,7,0,17,27,6,13,11,4,29,22,3,25,23,1,2,28,17,6,19,15,2,14,9,28,21,22,10,15,12,3,17,29
3,23,27,12,28,26,8,6,19,4,4,13,16,12,14,7,6,21,21,15,6,1,4,17,28,8,13,17,10,7,28,21,9,26,27,8,16,9,28,4,19,16,4,22,0,13,17,28,18,26,19,8,22,29,26,19,16,24,11,27,12,31,3,5,11,27,9,3,9,15,2,27,23,11,21,9,16,27,28,13,30,10,3,23,22,4,20,3,14,17,27,4,6,31,7,31,4,21,1,8,7,28,10,23,14,18,3,6,23,2,20,10,5,15,4,10,4,17,2,10,0,30,16,17,3,18,31,25
9,3,7,9,7,21,30,11,17,6,21,16,7,15,3,8,30,27,9,9,12,27,18,31,11,13,13,24,3,9,27,20,6,29,9,12,13,7,18,4,19,14,9,26,12,6,27,4,11,13,18,4,14,23,28,5,28,25,30,23,13,16,28,15,17,7,11,26,10,14,4,19,11,20,17,21,12,13,10,19,20,26,26,2,20,22,1,11,14,19,10,30,7,5,16,7,26,30,19,27,4,17,25,0,27,18,28,7,17,0,25,14,13,5,14,13,10,16,14,28,16,19,4,3,24,22,1,27
2,16,0,29,28,9,5,21,7,21,15,12,11,29,26,18,0,29,19,12,15,0,15,31,8,30,20,6,31,4,29,28,2,0,21,22,24,13,10,31,29,4,26,5,6,17,23,21,6,26,9,22,29,12,27,10,21,9,24,31,14,24,22,29,30,2,30,16,11,27,2,31,26,13,16,11,22,10,15,19,8,15,24,30,17,1,17,0,3,4,8,20,7,0,6,13,15,4,10,19,18,23,19,6,10,2,9,24,18,16,22,31,27,1,0,8,13,6,9,13,8,22,19,0,4,11,28,13
19,14,3,21,10,24,18,28,21,4,30,11,15,15,31,6,23,20,28,23,6,22,15,6,3,5,25,9,24,4,8,9,29,17,19,31,15,1,12,3,25,11,11,1,1,26,19,5,16,28,22,12,7,23,9,23,21,7,6,22,28,29,21,6,28,26,14,13,30,1,26,10,19,7,4,1,26,26,22,29,10,10,6,7,24,26,8,27,0,13,10,1,29,7,29,8,22,15,26,28,8,17,20,24,21,2,3,6,19,14,27,5,18,15,23,12,1,22,23,5,20,24,8,7,13,13,12,5
17,13,8,10,1,4,0,7,16,17,13,11,18,28,15,23,17,12,3,18,3,4,5,9,30,31,18,7,24,19,25,30,2,26,13,18,5,0,18,8,1,20,20,26,22,18,30,20,17,26,7,24,21,21,15,29,16,17,2,6,30,5,18,18,5,31,0,19,19,20,16,0,13,2,24,2,25,22,23,7,7,28,3,29,26,28,5,6,31,12,19,22,2,26,28,25,27,28,29,15,13,31,21,12,5,25,22,27,23,13,0,8,0,11,31,6,21,16,0,12,30,6,30,23,24,3,16,29
0,23,0,22,24,10,18,23,17,2,23,20,24,26,31,14,20,22,6,17,16,30,29,6,30,22,18,1,10,28,15,13,10,8,26,21,20,16,3,18,10,2,7,9,14,31,28,25,14,20,14,18,23,30,13,30,23,7,22,11,7,11,18,0,14,30,10,13,31,26,2,9,13,3,4,9,25,5,28,20,15,15,14,23,9,25,26,6,14,9,18,1,6,4,31,12,30,5,13,18,1,31,15,25,2,15,19,25,12,7,26,17,8,16,6,26,14,5,2,3,29,29,29,26,17,6,7,9
26,24,10,29,4,0,25,6,21,8,19,16,27,29,21,27,19,17,18,24,24,30,4,0,3,17,24,19,4,31,22,6,17,14,25,4,7,27,1,0,21,6,4,27,18,9,1,10,28,18,15,17,9,30,17,0,5,19,23,26,0,22,19,25,20,4,13,11,25,6,16,18,22,30,1,1,2,22,0,27,21,14,20,31,30,1,23,16,21,6,14,19,25,14,3,14,27,22,6,16,14,22,29,1,27,27,28,29,22,21,22,25,17,30,21,30,18,6,15,27,2,4,22,30,5,3,12,22
29,14,9,23,4,10,19,28,14,5,6,18,6,8,22,27,8,13,3,0,1,3,0,4,8,30,3,30,30,10,11,22,29,10,14,26,18,24,31,10,21,26,18,30,25,6,18,17,15,14,29,2,10,24,12,7,6,10,13,30,15,24,21,29,8,11,1,31,6,27,0,6,9,26,22,4,10,1,31,31,13,30,3,14,1,9,22,13,22,9,3,31,28,26,25,31,13,1,25,11,27,28,28,20,24,6,0,26,20,0,26,12,1,19,29,0,5,0,5,6,17,3,27,23,26,15,26,12
19,12,31,19,20,20,2,6,1,5,16,20,24,6,25,13,6,18,2,23,31,21,25,13,31,8,28,23,9,1,13,27,31,17,24,22,20,27,15,2,27,7,30,19,23,22,3,10,13,24,2,1,11,15,18,17,0,21,18,10,31,0,27,10,6,30,21,18,31,5,24,15,23,1,6,28,26,22,23,18,7,20,10,18,10,21,9,20,3,8,15,4,20,18,11,20,11,0,27,14,25,1,6,17,23,10,2,28,18,19,8,21,4,1,1,15,26,24,11,5,11,7,31,16,28,11,12,30
11,28,26,11,26,31,29,22,10,21,22,4,8,13,4,23,4,0,5,27,26,31,26,30,11,5,18,10,14,6,27,27,4,11,14,5,31,5,28,6,13,16,26,18,19,1,12,31,28,6,15,18,12,24,26,31,8,1,14,5,4,16,3,31,4,3,2,31,26,8,16,19,28,24,20,6,25,17,16,5,5,29,25,12,4,24,30,12,10,27,2,10,14,19,30,2,11,13,1,5,22,12,31,17,20,10,20,15,28,26,12,15,9,13,4,13,3,30,17,21,0,16,30,6,3,14,24,11
2,28,23,19,21,9,20,8,25,22,12,15,6,10,23,19,21,23,6,29,26,21,2,30,30,15,10,27,5,4,20,24,31,21,8,8,30,27,22,10,5,15,11,16,19,12,8,22,21,31,11,9,5,12,30,10,7,5,31,21,28,17,11,15,26,25,25,28,30,24,21,18,24,8,13,22,28,9,13,1,11,26,7,6,6,31,30,24,16,16,5,31,27,29,27,17,14,10,30,14,3,8,18,19,18,29,2,22,17,5,9,3,9,31,22,17,15,9,3,0,29,2,11,15,22,16,22,21
12,22,22,2,5,11,17,22,9,3,6,1,26,24,14,2,29,16,21,16,7,28,4,3,18,7,26,26,17,28,9,8,14,24,20,14,11,11,9,8,4,9,2,11,30,4,14,23,3,4,29,10,12,28,10,21,5,11,28,27,16,10,1,24,9,30,3,7,20,13,27,18,21,20,8,20,7,10,14,16,14,30,9,12,22,7,12,28,11,7,23,1,3,31,14,24,23,5,0,27,10,16,19,22,24,4,22,31,7,31,1,4,27,19,6,15,10,12,5,17,7,26,11,20,12,6,9,13
15,26,19,26,8,17,30,24,29,16,13,26,14,25,9,11,1,29,22,23,7,15,4,5,12,9,22,5,5,11,8,30,28,9,27,0,22,27,1,16,17,25,8,9,2,21,7,3,25,2,8,0,10,13,8,4,25,0,26,22,24,8,11,29,20,4,19,20,26,26,11,27,9,30,22,18,18,14,23,10,10,21,14,6,17,31,2,5,28,11,22,16,30,9,11,14,19,6,14,14,1,29,31,7,31,2,0,29,2,18,2,13,1,28,4,13,14,0,31,25,10,27,17,4,1,9,10,12
15,8,27,4,23,19,2,1,12,11,1,22,12,31,27,12,14,20,12,29,2,15,16,30,27,3,6,14,16,9,29,4,10,25,9,30,14,6,27,26,19,20,6,23,13,0,26,29,22,21,5,10,8,10,28,2,4,3,30,8,9,4,14,20,16,9,10,10,13,3,1,28,11,24,9,29,2,13,31,3,28,7,17,27,26,6,21,3,2,12,24,11,4,22,24,20,13,22,5,19,27,30,5,13,28,30,29,30,3,30,12,31,30,7,2,21,22,18,31,8,5,28,15,12,29,12,13,5
0,12,15,8,26,8,15,2,13,20,9,25,12,2,9,24,20,20,6,29,5,3,29,0,12,27,8,7,23,27,11,16,3,6,8,17,26,6,22,0,19,31,16,28,19,10,30,4,29,12,19,13,24,30,1,8,29,5,4,11,23,23,20,29,8,3,10,10,22,11,28,29,21,30,28,19,20,8,15,12,24,16,26,5,18,17,14,24,21,10,2,23,1,0,3,16,25,23,3,25,20,12,30,31,12,15,4,21,4,10,24,3,28,14,17,11,27,18,20,17,17,12,5,18,1,24,9,11
9,1,10,24,19,6,28,8,19,23,9,22,26,23,16,0,23,17,4,8,24,27,14,9,29,0,25,24,8,13,24,28,2,27,13,3,7,19,17,8,7,15,10,10,15,11,14,13,21,6,21,0,10,3,5,22,22,28,0,13,27,26,15,7,29,5,21,27,8,20,25,14,17,20,22,16,9,22,0,31,21,5,5,20,17,19,20,18,27,24,2,8,3,2,18,5,29,17,26,24,20,6,13,14,14,7,17,25,25,23,19,29,5,31,13,5,15,28,17,25,26,8,16,22,30,28,23,21
5,8,19,1,17,9,15,10,18,7,13,25,23,9,15,8,5,9,11,10,23,18,12,7,31,22,2,16,22,20,22,6,27,18,23,0,1,15,15,8,24,26,21,16,23,2,7,29,1,27,22,5,17,24,10,5,13,7,31,12,5,14,4,29,20,0,16,11,1,7,10,16,15,7,24,22,0,18,16,14,9,10,20,26,30,5,21,6,10,6,25,26,30,5,19,0,18,20,18,25,19,0,4,30,24,25,29,9,25,12,16,30,6,5,2,30,15,3,9,20,26,23,7,28,25,21,19,12
1,20,19,30,20,20,9,17,12,27,1,2,13,27,16,11,11,4,8,0,0,12,6,20,23,2,18,26,13,14,6,15,15,5,28,7,18,27,21,10,28,2,15,30,4,3,23,18,7,29,8,12,3,11,18,31,21,23,13,4,31,3,24,6,19,19,0,30,14,17,31,14,1,26,15,24,10,13,14,25,20,2,12,3,3,25,9,2,15,15,23,15,27,10,9,8,18,2,10,21,27,30,13,6,16,31,31,12,11,31,20,31,15,1,11,6,8,15,26,7,0,27,14,5,29,16,7,7
19,20,28,10,9,5,30,2,28,0,26,14,18,23,23,8,12,6,3,3,28,20,7,4,4,12,22,13,30,0,21,4,27,24,6,7,31,28,8,5,7,7,28,14,31,3,27,25,23,30,7,25,7,24,20,8,30,8,9,24,15,14,29,16,11,0,15,13,25,6,16,8,0,23,31,29,23,8,1,11,11,0,21,6,0,4,21,1,5,31,9,15,5,14,10,27,29,2,4,12,20,8,6,1,23,27,18,17,24,5,4,18,25,26,3,5,5,2,14,24,28,5,4,26,24,7,9,16
29,16,21,9,10,24,26,20,3,21,13,19,23,23,23,15,6,31,7,0,19,21,10,30,22,28,9,21,7,18,21,19,10,0,27,14,22,31,11,15,4,22,20,3,12,29,9,5,26,7,27,23,20,20,4,10,26,12,16,8,10,29,25,9,10,18,17,10,2,1,15,3,13,18,13,4,14,11,30,4,25,26,6,17,6,17,6,0,3,5,22,12,11,22,28,4,16,19,3,10,18,29,21,30,0,4,11,22,21,27,8,19,30,23,23,30,22,31,17,22,16,20,20,23,0,14,16,10
27,12,21,26,31,16,26,3,16,25,18,24,27,13,0,28,5,19,14,16,18,26,24,22,31,28,8,5,18,29,6,23,23,17,15,12,27,3,4,29,14,17,3,6,23,14,31,18,29,9,13,18,24,19,20,2,27,1,13,9,31,9,12,21,30,1,22,6,9,13,29,9,17,15,4,30,25,29,31,28,22,13,0,12,21,25,21,7,21,23,17,27,10,18,14,24,17,0,22,1,7,7,7,23,16,20,16,24,21,29,11,16,10,13,12,22,2,16,18,19,6,7,23,6,19,17,21,26
25,26,5,10,9,6,11,29,7,9,6,27,20,10,30,18,1,7,18,9,5,20,0,22,11,9,25,1,29,29,24,27,19,19,7,9,21,29,18,26,5,22,3,6,30,1,30,30,20,29,6,10,14,26,19,9,5,20,7,11,15,13,14,0,16,8,14,21,18,18,17,27,9,30,29,29,23,24,24,11,2,18,15,13,15,15,18,10,8,12,20,28,31,30,8,30,13,25,18,14,6,26,16,9,30,0,29,1,15,19,7,9,29,31,21,9,1,15,27,14,28,25,18,0,1,23,26,19
8,10,31,7,4,2,19,31,27,27,20,19,6,24,19,9,24,27,4,27,16,22,10,24,6,27,29,24,24,31,12,31,5,7,27,28,17,7,3,25,30,26,27,18,22,30,29,19,11,0,17,11,30,27,23,7,2,3,10,25,8,30,12,16,11,27,13,14,16,24,6,9,26,11,28,18,30,16,18,0,6,8,20,2,15,2,12,4,0,13,14,9,28,22,9,20,17,25,1,23,24,20,31,20,11,25,29,17,11,28,16,13,21,31,28,25,13,11,8,29,10,2,6,26,6,22,15,8
2,1,18,17,10,20,13,1,6,31,3,0,12,1,10,18,20,31,27,13,0,30,9,22,14,30,6,1,13,16,0,12,21,10,30,7,21,14,24,23,5,29,14,9,7,8,30,28,9,0,29,4,18,7,2,1,4,8,3,0,4,4,26,24,19,7,18,1,14,0,23,15,9,8,3,18,10,2,8,17,6,14,26,30,9,24,12,2,16,10,10,25,28,25,23,14,12,13,14,13,12,25,6,27,20,9,29,8,19,28,13,5,5,13,19,6,1,30,26,10,21,26,9,21,20,0,17,4
24,1,30,15,30,25,29,17,25,14,15,19,23,1,30,28,10,0,18,22,6,31,17,15,29,12,26,16,0,8,1,11,16,1,8,30,3,17,5,21,30,26,20,14,19,17,16,22,1,28,29,3,4,16,25,30,0,27,15,9,6,6,15,17,26,8,26,15,11,30,24,4,11,4,3,4,4,30,16,15,7,20,17,29,31,5,28,7,24,20,31,5,11,14,13,19,15,26,14,22,12,4,15,10,22,21,19,25,30,28,20,6,18,18,14,8,2,21,8,19,5,30,11,15,16,10,30,1
11,25,23,26,2,15,28,0,27,22,28,27,24,14,8,12,26,13,3,1,9,7,29,18,9,5,19,10,5,6,1,0,10,5,26,21,10,10,13,20,4,30,21,9,25,14,14,25,4,0,8,7,13,14,23,19,3,21,1,9,7,21,17,3,21,22,2,23,28,12,12,22,12,25,26,2,0,12,23,23,8,3,5,1,14,7,2,27,10,30,25,8,15,27,11,12,10,17,10,19,3,14,12,6,8,5,19,7,19,3,6,19,26,28,11,14,0,7,12,16,23,12,27,9,29,22,0,4
1,14,27,19,15,9,15,31,11,29,27,23,2,8,10,24,30,31,6,0,6,26,1,15,31,19,17,22,26,16,11,10,2,8,7,29,31,26,12,22,26,23,18,30,31,5,25,7,26,3,22,31,11,2,8,13,23,0,31,22,25,0,16,25,24,15,26,10,5,0,0,21,1,1,14,2,27,6,23,30,5,10,20,5,17,8,1,7,0,0,16,22,3,8,1,13,18,10,1,24,10,13,23,13,18,0,26,16,21,9,29,9,10,30,15,7,21,21,13,26,31,27,30,14,27,3,10,5
5,13,23,27,7,27,0,30,4,0,7,9,1,5,24,26,15,22,17,27,27,3,6,30,9,26,13,13,0,6,3,29,2,10,29,13,24,15,2,5,2,29,5,20,30,14,17,11,15,13,0,29,29,18,26,10,25,12,16,13,14,31,11,9,10,7,31,25,2,23,24,10,29,23,19,0,28,31,23,31,4,11,24,18,9,21,26,31,15,28,2,2,20,10,27,3,5,2,23,16,30,24,13,22,14,0,14,0,7,18,2,30,21,9,13,21,28,31,4,19,17,13,9,1,29,24,19,24
29,2,24,25,9,1,10,6,10,28,14,6,8,23,14,4,14,22,16,14,16,31,26,13,19,7,14,3,21,17,13,18,29,17,24,8,15,3,23,24,25,26,13,19,30,23,15,24,0,31,31,16,29,3,5,22,7,18,18,7,4,11,2,28,7,23,14,8,0,23,22,4,22,0,8,30,5,4,17,18,16,2,28,26,21,11,21,1,23,18,16,23,0,23,31,29,2,17,31,0,13,26,13,1,5,28,28,7,18,7,13,29,13,19,15,16,31,31,11,21,17,19,23,29,19,2,21,26
24,14,12,8,14,1,0,12,27,5,26,6,16,26,16,25,16,9,6,10,18,28,29,6,9,7,16,26,6,30,11,26,1,21,17,20,1,25,4,0,1,23,13,17,9,24,7,21,26,11,18,13,3,12,20,26,26,20,0,6,26,5,8,29,13,29,1,9,28,9,24,21,31,18,22,13,24,13,14,30,22,27,4,27,25,10,26,14,11,10,8,6,13,17,6,28,19,12,31,9,19,2,7,25,29,2,15,31,2,16,6,10,6,4,7,15,8,8,28,17,29,10,8,18,18,19,28,4
21,29,17,30,29,28,20,30,14,24,30,25,25,22,20,24,3,31,26,30,4,16,5,16,17,23,12,10,0,29,5,1,31,15,30,6,25,17,24,17,20,29,29,9,2,26,22,19,29,8,27,26,0,6,5,12,2,9,16,0,14,5,3,15,31,27,17,28,11,24,6,31,25,0,2,20,27,30,5,14,2,15,11,24,11,11,1,28,22,10,27,10,20,21,18,1,19,11,6,9,17,16,9,20,3,10,25,30,7,24,28,30,4,27,2,11,16,28,6,9,25,16,9,27,5,28,13,5
22,19,3,5,9,1,31,25,10,30,26,27,4,22,1,16,20,31,27,26,19,22,22,11,9,19,26,12,26,14,20,5,30,22,10,18,10,21,0,5,22,16,24,8,11,30,26,18,26,1,18,30,21,4,3,28,14,0,1,12,21,2,25,5,2,30,17,19,27,11,0,1,31,2,26,0,3,8,28,13,3,24,2,2,17,26,27,22,25,11,30,10,9,5,26,9,8,4,27,24,21,18,2,11,21,5,9,14,16,28,23,13,17,12,0,12,11,31,29,31,15,13,8,9,30,20,2,18
21,25,19,0,28,11,8,22,15,6,6,30,0,18,2,7,15,25,28,21,20,18,16,30,10,4,21,20,8,14,0,30,22,17,29,9,1,28,4,9,31,6,19,14,28,24,8,29,17,24,5,10,18,6,5,11,21,3,22,6,6,4,26,0,27,25,2,22,14,6,13,29,30,31,16,5,29,29,22,3,30,0,22,28,29,30,19,10,11,10,8,25,14,4,1,22,18,16,26,29,8,31,23,18,20,2,27,27,29,11,23,10,8,4,20,17,13,2,30,15,2,27,11,25,21,19,20,5
26,2,5,24,5,5,9,3,27,17,9,6,25,6,16,18,8,7,12,2,25,13,9,1,11,3,21,18,26,10,14,10,5,27,17,18,15,17,5,28,25,9,18,9,14,15,15,3,13,17,21,24,6,28,27,1,12,25,25,3,18,8,20,21,10,9,11,21,27,2,0,0,1,16,18,17,8,19,2,22,25,5,17,9,20,17,9,31,16,24,23,25,4,4,1,29,23,24,30,2,15,9,20,31,29,16,30,3,14,20,16,24,3,17,13,20,16,30,17,20,26,29,9,28,6,3,22,21
24,0,3,8,2,20,16,27,15,30,28,31,7,13,19,13,10,22,6,19,10,15,31,15,15,9,31,19,16,24,16,3,9,25,4,19,8,8,31,12,14,28,31,21,31,10,4,4,18,13,22,3,18,29,25,1,11,31,19,21,24,23,26,29,6,29,13,31,0,24,14,11,31,18,4,0,13,20,19,19,12,17,9,15,28,31,16,23,30,3,20,2,30,14,22,3,13,29,3,16,10,16,13,17,14,28,18,13,17,8,2,25,3,9,17,23,1,27,13,19,6,13,11,8,4,17,7,19
